,series_played,pid,batRI,bowlRI,clusterRI
0,15,3.0,0.0828133324989806,0.5249078438873779,3
1,1,6.0,-0.1236842105263158,0.34903846153846163,3
2,5,9.0,0.0177686352353962,0.5732150990174039,3
3,1,12.0,-0.938530135301353,1.6471881390593048,1
4,1,13.0,-0.938530135301353,-0.07439779766001377,3
5,28,15.0,0.011779858008343991,0.18424615593486499,3
6,19,18.0,-0.06538576964864926,1.3233635948310574,1
7,1,21.0,-0.1569292123629113,-0.8574883720930233,0
8,1,22.0,0.018744906275468647,-0.8574883720930233,0
9,14,23.0,-0.012186536137673426,1.088079469089189,1
10,1,24.0,0.013066871637202127,-0.8574883720930233,0
11,7,28.0,-0.0585241423007213,-0.01760321186622436,3
12,39,29.0,-0.11031655317714323,2.2033884555178473,1
13,3,31.0,-0.06433328538550057,0.6679254571026721,3
14,1,32.0,0.0025029797377830744,1.553256704980843,1
15,5,37.0,-0.07443181818181818,-0.8574883720930233,0
16,6,38.0,-0.041105520233389876,0.5432760364004046,3
17,2,42.0,-0.06917613636363634,0.3593715470304879,3
18,1,58.0,0.013333333333333334,1.6704188481675395,1
19,4,59.0,0.007689290084292586,0.6058949169029766,3
20,1,60.0,-0.938530135301353,0.48750000000000004,3
21,12,63.0,-0.008538801458928866,0.6241609436538671,3
22,1,64.0,0.03860045146726858,-0.8574883720930233,0
23,6,65.0,-0.07948796443303725,3.062284498985957,4
24,1,68.0,-0.03363844393592677,-0.8574883720930233,0
25,7,69.0,-0.06571405682248041,-0.011276429130775254,3
26,1,71.0,0.013164556962025318,-0.8574883720930233,0
27,6,77.0,-0.07305793476639309,0.5439983726396327,3
28,5,78.0,-0.069282917296097,0.7403160799307325,3
29,5,79.0,0.007762086282264775,0.5841151098817791,3
30,23,81.0,0.06091206086675863,0.32282731757777305,3
31,1,88.0,-0.11789686552072802,-0.8574883720930233,0
32,2,92.0,-0.09480916030534352,0.7820304487179487,3
33,2,94.0,-0.017707443015440326,-0.8574883720930233,0
34,3,95.0,-0.008438340636512017,0.5192237530245326,3
35,1,96.0,-0.07491002570694087,0.4598824786324786,3
36,7,100.0,-0.0023011750534124853,-0.011774891774891775,3
37,3,101.0,-0.09879601826400099,-0.8574883720930233,0
38,2,102.0,-0.15223140495867765,-0.8574883720930233,0
39,5,107.0,-0.11031092402689285,0.7353199563675794,3
40,5,108.0,-0.09050379414728334,0.6824560152488135,3
41,35,109.0,-0.0005534842025560729,0.14045442168746045,3
42,2,110.0,0.1279796511627907,-0.8574883720930233,0
43,9,120.0,0.0225194092371786,0.7971703236614293,3
44,1,124.0,-0.938530135301353,-0.056382145653876274,3
45,4,129.0,-0.06692304177591575,1.7771636777534383,1
46,12,135.0,-0.03160223295834919,-0.8574883720930233,0
47,3,161.0,-0.05965421857842554,0.770995022736826,3
48,1,168.0,-0.938530135301353,1.0731182795698924,1
49,4,169.0,-0.0879133667682724,2.6705294459332847,4
50,1,170.0,-0.938530135301353,-0.11651504548635412,3
51,2,173.0,-0.09313377461913402,-0.8574883720930233,0
52,12,181.0,-0.020090534399567418,1.0480850590251392,1
53,5,185.0,0.018268619079231427,2.62887755555161,4
54,2,190.0,-0.1881035319164816,-0.8574883720930233,0
55,2,192.0,-0.06678743961352657,-0.8574883720930233,0
56,2,205.0,-0.08891332838121979,-0.8574883720930233,0
57,4,209.0,-0.0027162710034359383,0.3868521048340865,3
58,8,212.0,-0.014262157856418479,1.5855038863777893,1
59,3,218.0,-0.11163628187852985,-0.8574883720930233,0
60,3,221.0,-0.005986026761770037,0.8566587885239323,3
61,1,222.0,-0.08854489164086687,1.0381156316916489,1
62,4,226.0,-0.11282570963229673,0.5147792426386654,3
63,6,227.0,-0.17337857505518173,0.8858477147605694,1
64,1,230.0,-0.09182452642073778,-0.8574883720930233,0
65,2,233.0,-0.071630615640599,-0.8574883720930233,0
66,2,237.0,0.08033057851239672,-0.8574883720930233,0
67,2,256.0,0.08125466054986386,0.5627421758569301,3
68,2,261.0,-0.035124869018512056,0.15975838499443645,3
69,2,278.0,-0.031204091339669886,1.4762966303478404,1
70,5,279.0,-0.07432187612630721,1.657242411750195,1
71,9,280.0,-0.037225608404685646,1.9044786525000212,1
72,1,282.0,-0.09999999999999999,0.38007662835249045,3
73,12,289.0,-0.06944799041953122,0.04951553313644013,3
74,1,292.0,0.07438016528925621,1.3551694178974805,1
75,1,307.0,0.03922967189728959,1.665871833084948,1
76,5,317.0,0.0017705382436260626,0.6760904333034414,3
77,2,319.0,-0.07813264120875506,-0.8574883720930233,0
78,8,320.0,-0.12655122991040427,0.6457869076293701,3
79,1,334.0,-0.041354903943377166,1.0316538882803943,1
80,3,343.0,-0.013359464902186424,1.0393963207738544,1
81,3,348.0,0.01307393997265595,0.44161054437681013,3
82,2,349.0,-0.008946837310335881,0.5505099781213106,3
83,1,357.0,-0.17622504537205083,-0.8574883720930233,0
84,2,358.0,-0.938530135301353,0.8152637301990612,3
85,1,359.0,-0.17174887892376678,-0.8574883720930233,0
86,1,363.0,0.0034895314057826524,1.0677105831533478,1
87,2,373.0,-0.938530135301353,1.2856802484855498,1
88,1,374.0,0.021961932650073193,1.1003140520011687,1
89,2,389.0,-0.05684573330164008,1.618110260126317,1
90,2,390.0,-0.938530135301353,1.5887556089460477,1
91,3,392.0,0.029541295549019866,1.8651816159239543,1
92,4,393.0,-0.06070990558476424,-0.8574883720930233,0
93,7,394.0,0.13961979640679817,1.4972071190053804,1
94,1,395.0,0.03391304347826087,-0.8574883720930233,0
95,3,396.0,-0.3852140077821012,1.1176871473438914,1
96,4,405.0,0.027553659899863615,-0.8574883720930233,0
97,1,409.0,-0.938530135301353,1.1195071868583162,1
98,1,418.0,-0.09789801479174776,3.1437884151536606,4
99,3,419.0,-0.01967147435897435,0.5729786037462695,3
100,1,422.0,-0.10277634961439588,-0.8574883720930233,0
101,5,425.0,-0.11765662275482583,1.7561334506172728,1
102,1,426.0,-0.09071288423806409,-0.12600682593856655,3
103,6,427.0,-0.11365267063688855,0.3694837871788034,3
104,2,428.0,-0.07906786690085871,-0.8574883720930233,0
105,2,429.0,-0.1335360802267277,0.9558275484106685,1
106,2,430.0,0.05074786324786325,0.47581050034036754,3
107,2,431.0,-0.04176804011336386,1.1299523698807588,1
108,14,432.0,-0.031800626273111095,0.9550302605393324,1
109,2,433.0,-0.09999999999999998,0.9497097802938055,1
110,2,439.0,-0.0937046482785124,-0.8574883720930233,0
111,32,443.0,-0.08958567993375192,1.7545554550723863,1
112,6,447.0,-0.02623411105771023,-0.002571428571428571,3
113,4,450.0,-0.0938446240279708,0.8773267751994844,1
114,1,454.0,0.01200873362445415,0.5104072398190045,3
115,3,458.0,-0.1816470588235294,4.323496592439351,4
116,3,462.0,-0.938530135301353,1.2261594677198473,1
117,3,464.0,-0.14575237367056243,1.1644755311850858,1
118,3,468.0,-0.026589544191266086,-0.8574883720930233,0
119,9,477.0,0.0004892128729029518,-0.8574883720930233,0
120,1,487.0,0.0072012456208641485,-0.8574883720930233,0
121,1,489.0,0.0026221692491060693,-0.8574883720930233,0
122,1,493.0,0.3299583911234397,-0.8574883720930233,0
123,4,494.0,-0.10570349924168959,1.1069585864674407,1
124,2,495.0,0.011980278442538503,-0.8574883720930233,0
125,2,497.0,0.04411015767053604,0.981371087928465,1
126,9,503.0,-0.053635201963641216,0.7796822356805514,3
127,2,508.0,-0.061720336778858104,0.34516200677193337,3
128,4,509.0,-0.13841111166097556,1.4124914701794264,1
129,1,515.0,-0.08054919908466819,-0.8574883720930233,0
130,3,520.0,-0.026243600630735994,-0.02476031679866611,3
131,4,523.0,-0.04319640564826701,0.3049476464758988,3
132,7,530.0,-0.038839747590085676,-0.8574883720930233,0
133,3,547.0,0.032798956086440526,-0.8574883720930233,0
134,13,549.0,-0.020283568817793397,-0.04145293507553041,3
135,12,550.0,0.01370999998480886,1.0066919320547543,1
136,4,556.0,-0.035426365767600464,2.2776568562716424,4
137,3,559.0,-0.11863636386346788,-0.8574883720930233,0
138,1,566.0,-0.04198198198198199,-0.8574883720930233,0
139,1,567.0,0.11014634146341462,0.4026315789473684,3
140,1,569.0,0.059776536312849175,-0.8574883720930233,0
141,2,574.0,0.023140495867768594,-0.8574883720930233,0
142,5,582.0,-0.04533303882997846,0.47588401697312577,3
143,4,590.0,0.005780361198166006,1.0005479180672585,1
144,9,593.0,-0.00300873394466968,0.636008303439284,3
145,17,595.0,-0.02462410876893415,0.31459810680659755,3
146,2,601.0,-0.07049385885542715,1.7406337412587414,1
147,1,610.0,0.006305955624756718,1.5575951903807612,1
148,5,625.0,-0.02272907945426486,1.9081577970630634,1
149,7,627.0,-0.04810174850829728,0.6830191512301176,3
150,2,629.0,-0.013688685415304117,-0.8574883720930233,0
151,9,634.0,0.00801021971494407,-0.8574883720930233,0
152,3,643.0,0.0193477059148701,2.7753458543694856,4
153,1,644.0,-0.08672672672672674,1.6548895899053628,1
154,7,645.0,-0.09799361184267374,-0.8574883720930233,0
155,9,648.0,0.09192712552690799,-0.8574883720930233,0
156,2,656.0,0.016560169091830147,0.6864823717948719,3
157,8,679.0,-0.07517976022899257,0.09865784454072703,3
158,2,681.0,-0.10000000000000002,2.1986337225754116,1
159,5,682.0,0.008675503964426786,1.4908128620715009,1
160,2,684.0,-0.05745799775511025,0.8968213915074126,1
161,4,707.0,-0.08556797276445152,1.651384984540882,1
162,10,708.0,-0.01899313247173564,1.5641490821511435,1
163,2,717.0,0.0054117809648385334,-0.8574883720930233,0
164,1,726.0,-0.08068181818181817,-0.8574883720930233,0
165,2,728.0,-0.1009279949007728,-0.1778496362166532,3
166,11,734.0,0.049294148955578224,-0.8574883720930233,0
167,1,740.0,-0.0975982532751092,-0.8574883720930233,0
168,3,749.0,-0.09521376768232845,0.765526165804178,3
169,1,752.0,-0.938530135301353,0.4110151187904967,3
170,4,758.0,0.05918174812598436,0.362027799535144,3
171,2,770.0,-0.09697580645161291,0.06592704210596931,3
172,1,777.0,-0.08179366149696561,5.097015077294994,2
173,1,778.0,0.0,0.5338698390482857,3
174,4,781.0,-0.09628770322178282,2.039430981499684,1
175,11,791.0,0.15914024368244692,1.3801091708332864,1
176,7,801.0,0.010372544510043824,-0.8574883720930233,0
177,3,804.0,-0.041965267172472176,0.28303369516056087,3
178,1,805.0,-0.09517045454545454,1.0386075949367088,1
179,3,809.0,-0.0010448648113300883,-0.8574883720930233,0
180,2,810.0,-0.00506181700110187,-0.8574883720930233,0
181,2,823.0,-0.038062895366386226,-0.8574883720930233,0
182,1,835.0,-0.08937198067632852,3.567236348478532,4
183,4,842.0,0.07523920066627167,0.7483311884114252,3
184,1,850.0,-0.938530135301353,2.703725961538462,4
185,20,854.0,-0.00011755863595655017,0.09357843521900144,3
186,8,855.0,0.011293708506681276,1.790593849613609,1
187,4,859.0,-0.1811912225705329,1.9454302554086316,1
188,1,866.0,-0.938530135301353,0.9469527896995708,1
189,1,867.0,-0.19734063355494721,8.3546869918513,2
190,19,869.0,-0.07593926514330597,1.8265491823642546,1
191,1,871.0,-0.938530135301353,-0.8574883720930233,0
192,17,872.0,-0.11982954491421806,0.9876517511739182,1
193,3,878.0,-0.06922069417157825,0.6883639856531509,3
194,5,885.0,0.05579344571739468,-0.029961587708066586,3
195,1,888.0,-0.1279486181393538,-0.8574883720930233,0
196,1,896.0,-0.027374301675977656,0.4856304985337242,3
197,1,897.0,-0.08012269938650307,3.8658614113159566,4
198,2,903.0,-0.012592427314990034,1.2409638554216866,1
199,6,906.0,-0.12781479868192916,-0.8574883720930233,0
200,7,907.0,-0.024207362219124163,0.9456634197961282,1
201,11,908.0,-0.04511119361378048,-0.8574883720930233,0
202,24,928.0,0.0041210507775825715,1.5080211563868293,1
203,7,929.0,-0.026579069471546646,0.5971294464567538,3
204,17,930.0,-0.041279114747553705,0.5946360153256707,3
205,24,931.0,-0.07066622497406629,-0.8574883720930233,0
206,1,932.0,-0.938530135301353,-0.09894686452848254,3
207,4,933.0,0.01172901921132457,0.5902540128075094,3
208,6,934.0,0.02663756226051898,0.9093016414638976,1
209,1,938.0,-0.09999999999999998,-0.13343108504398826,3
210,11,944.0,-0.043376682622833986,-0.8574883720930233,0
211,3,945.0,0.1084479386922061,-0.8574883720930233,0
212,2,946.0,0.004168411698009147,0.5411171450737006,3
213,2,952.0,0.049771167048054926,-0.8574883720930233,0
214,1,956.0,-0.07860199714693296,-0.8574883720930233,0
215,2,957.0,-0.11764204204204204,1.0552852756211888,1
216,1,958.0,0.11322869955156954,0.44639255236617525,3
217,3,959.0,-0.01674336689519924,1.1771800858331851,1
218,30,962.0,-0.09126953838883324,1.7785672109523378,1
219,2,964.0,-0.029453792735042738,-0.8574883720930233,0
220,5,967.0,-0.1248558322983268,1.4606335142454578,1
221,1,968.0,0.23790226460071512,-0.8574883720930233,0
222,6,970.0,-0.15781830736512695,-0.8574883720930233,0
223,8,971.0,0.01733147317449496,-0.8574883720930233,0
224,5,972.0,-0.08899260165544373,0.4746268656716418,3
225,11,979.0,-0.012278709472008681,-0.8574883720930233,0
226,1,984.0,-0.19511002444987774,-0.054929577464788736,3
227,18,986.0,-0.05423424891867763,-0.8574883720930233,0
228,2,992.0,-0.09696561024949427,0.6012683359743035,3
229,3,1004.0,-0.1,0.7850788657551308,3
230,1,1005.0,0.020763358778625954,0.3733333333333333,3
231,4,1009.0,-0.06494191121683648,1.9762502357691085,1
232,1,1022.0,-0.05551161641127039,0.4588770864946889,3
233,4,1024.0,-0.04929431443154662,-0.8574883720930233,0
234,3,1025.0,0.1011286568013886,0.5856259659969087,3
235,9,1030.0,-0.06970881926274204,-0.0029965753424657533,3
236,14,1051.0,-0.06000571439021199,1.0570095982542795,1
237,5,1054.0,-0.05818341795618851,-0.8574883720930233,0
238,2,1055.0,0.023394495412844028,-0.20866823465248666,3
239,1,1056.0,-0.938530135301353,2.3827851644506657,4
240,12,1057.0,-0.010934467694058737,-0.8574883720930233,0
241,3,1058.0,-0.09645892351274786,0.3136328540221116,3
242,2,1066.0,-0.09492682926829268,1.8032307378719936,1
243,5,1067.0,0.0020028225962490367,2.2838873649431794e-18,3
244,4,1068.0,-0.1650375472519672,-0.8574883720930233,0
245,37,1070.0,0.02285390934379133,1.1244065041097477,1
246,12,1074.0,0.01966844005585536,-0.01084864391951006,3
247,1,1076.0,0.04599542334096111,0.472541520979021,3
248,2,1085.0,-0.17995555872527097,1.808422560481537,1
249,2,1088.0,0.007013969039658299,-0.8574883720930233,0
250,1,1089.0,-0.09749702026221692,-0.8574883720930233,0
251,8,1090.0,-0.054582746300145965,1.4484648457261513,1
252,4,1098.0,-0.06043503531243964,0.14001647462347164,3
253,3,1101.0,-0.040340909090909094,0.4650976715111736,3
254,2,1108.0,-0.03493467624135572,3.1057539763300444,4
255,1,1109.0,-0.2612689762553523,1.8870541082164334,1
256,1,1113.0,-0.938530135301353,0.5228506787330316,3
257,2,1114.0,-0.11574562609920566,-0.8574883720930233,0
258,2,1125.0,-0.0812338411799402,0.33330683992419224,3
259,1,1129.0,-0.2725212464589235,-0.8574883720930233,0
260,3,1133.0,-0.1427862939585212,2.9975967204477545,4
261,3,1147.0,-0.0369454349609979,1.2833721533412639,1
262,7,1162.0,-0.058814499262549114,-0.8574883720930233,0
263,34,1169.0,0.07685421725018753,0.15045911042835636,3
264,4,1177.0,-0.09771235850838063,1.1477990120028556,1
265,4,1198.0,0.030291931960505912,-0.8574883720930233,0
266,8,1200.0,-0.06775413755565435,-0.02287390029325513,3
267,16,1201.0,-0.039044109773388215,0.3034108532943458,3
268,10,1209.0,-0.13108952357506803,-0.8574883720930233,0
269,8,1219.0,-0.08263317902881127,3.108286729300443,4
270,1,1220.0,-0.050632911392405056,-0.8574883720930233,0
271,1,1222.0,-0.09292364990689016,0.8592592592592593,1
272,1,1228.0,0.06739873108833574,-0.8574883720930233,0
273,11,1231.0,-0.10803353575837012,-0.026881785575074504,3
274,13,1234.0,-0.10338247860418999,2.0019904157273833,1
275,1,1239.0,-0.938530135301353,-0.8574883720930233,0
276,1,1240.0,0.0399441340782123,-0.8574883720930233,0
277,2,1242.0,-0.07410528753119774,-0.8574883720930233,0
278,1,1246.0,-0.07391304347826086,-0.8574883720930233,0
279,9,1249.0,-0.09955692866759185,1.0734792474104249,1
280,4,1251.0,-0.09600465276320232,0.8690923292139552,1
281,12,1254.0,-0.0377885940072174,1.163002508459487,1
282,2,1255.0,-0.092,0.06224071975427024,3
283,24,1258.0,-0.06016953960762147,1.122789388759507,1
284,3,1259.0,-0.043404872695691585,1.3827700551045548,1
285,2,1260.0,0.005864509605662285,0.7290136770859663,3
286,1,1293.0,-0.09670886075949367,0.4444444444444444,3
287,4,1298.0,-0.032058724522771274,1.423947872562087,1
288,4,1301.0,-0.12876137175193525,-0.8574883720930233,0
289,7,1319.0,-0.07607558887872096,-0.8574883720930233,0
290,3,1322.0,-0.13165770580905278,-0.8574883720930233,0
291,2,1326.0,-0.07174452409758211,0.56274217585693,3
292,1,1327.0,-0.09999999999999999,-0.8574883720930233,0
293,9,1334.0,-0.08896430079646962,-0.8574883720930233,0
294,1,1335.0,-0.006167846309403444,-0.10481927710843372,3
295,2,1343.0,0.06472283792032957,-0.8574883720930233,0
296,5,1344.0,-0.165356144532192,0.30037410288153715,3
297,1,1346.0,-0.938530135301353,-0.16832807570977917,3
298,11,1349.0,-0.08186125313644982,0.9107780863303118,1
299,5,1350.0,0.031202956989247313,3.7012058395247522,4
300,1,1366.0,-0.09683074848280512,-0.8574883720930233,0
301,16,1392.0,-0.020035646184053704,1.8894678062210377,1
302,1,1397.0,-0.22941176470588237,-0.28522483940042825,3
303,3,1399.0,-0.08680151190856249,1.8968524104601512,1
304,3,1400.0,0.06636005711834427,1.8110823540779724,1
305,1,1401.0,-0.07539863325740319,1.6562255285826155,1
306,14,1408.0,-0.09244485486941417,1.501716025669882,1
307,7,1410.0,-0.07895853507558862,0.5959018862633046,3
308,1,1413.0,-0.09393122049898854,4.974877536738978,2
309,1,1415.0,0.20511363636363641,-0.8574883720930233,0
310,24,1418.0,-0.032684684866951245,-0.8574883720930233,0
311,14,1419.0,-0.04816907952498553,0.6126128241565847,3
312,2,1421.0,-0.13865825327140702,-0.11083566573370654,3
313,7,1422.0,0.004420353791753331,1.4264346253783728,1
314,7,1424.0,-0.0060586538866832535,0.09188843183307517,3
315,6,1425.0,-0.09545662075929787,1.4950682590673798,1
316,1,1430.0,0.04221218961625281,-0.8574883720930233,0
317,2,1432.0,-0.060311750599520375,0.41133321154548774,3
318,14,1433.0,-0.0033005622896024947,0.6460970047915423,3
319,2,1434.0,-0.11976780307949286,-0.8574883720930233,0
320,4,1436.0,0.021956872515083794,-0.8574883720930233,0
321,4,1442.0,-0.06288291571176864,-0.8574883720930233,0
322,7,1443.0,-0.07673897061708017,1.7405793527364877,1
323,6,1444.0,-0.11562860130245393,1.3880112288907958,1
324,7,1445.0,-0.0019853621420955667,1.3415302475042508,1
325,2,1446.0,-0.032333389618984944,0.09417328939716996,3
326,1,1450.0,-0.938530135301353,-0.8574883720930233,0
327,2,1454.0,-0.0016105263754512995,0.4652813049616935,3
328,1,1457.0,-0.938530135301353,4.42124248496994,4
329,2,1458.0,-0.05251562923060135,-0.8574883720930233,0
330,2,1465.0,0.07033016213319038,-0.8574883720930233,0
331,2,1469.0,-0.1275206611570248,-0.8574883720930233,0
332,10,1470.0,0.027400210129478908,1.9939952863956014,1
333,2,1473.0,-0.12250043412974862,-0.8574883720930233,0
334,10,1476.0,0.00840762272530581,0.2778471908278486,3
335,3,1484.0,0.07121397543264088,-0.8574883720930233,0
336,3,1489.0,-0.03201632527057456,1.7352358922677766,1
337,1,1490.0,-0.04734177215189873,0.4888888888888889,3
338,2,1491.0,-0.058653536754507636,1.557453044825249,1
339,1,1498.0,-0.2569546120058565,-0.8574883720930233,0
340,2,1500.0,-0.023555399143478647,-0.8574883720930233,0
341,1,1503.0,0.14546360917248255,-0.8574883720930233,0
342,2,1517.0,-0.015523483168715987,-0.8574883720930233,0
343,5,1520.0,-0.022351099783255397,-0.11899053627760252,3
344,1,1522.0,-0.05220048899755502,1.0302176696542893,1
345,1,1526.0,-0.938530135301353,-0.11642886261720344,3
346,3,1527.0,-0.06604001672809014,-0.11891592920353983,3
347,6,1530.0,-0.0417662198912199,0.5845936233025794,3
348,1,1536.0,-0.938530135301353,0.5013312451057166,3
349,2,1548.0,-0.938530135301353,1.3455359255633685,1
350,1,1553.0,-0.00458715596330276,-0.8574883720930233,0
351,3,1558.0,-0.11170667934395055,0.09249926448261266,3
352,6,1560.0,0.003808620847825149,0.22869017409263656,3
353,15,1561.0,-0.03416709633473769,0.7912850539032004,3
354,3,1562.0,-0.08757003101785044,1.3983034074611318,1
355,1,1563.0,-0.12867332382310984,-0.8574883720930233,0
356,5,1564.0,-0.13399028291095733,0.6840367059886754,3
357,10,1565.0,-0.049236161118296554,0.031704679306525825,3
358,22,1570.0,0.0065730179679540845,1.3114520342255953,1
359,17,1591.0,0.0032693640977103167,-0.8574883720930233,0
360,2,1594.0,-0.1382428722721012,-0.8574883720930233,0
361,5,1595.0,0.05670878335566108,0.7371410220770507,3
362,11,1608.0,-0.002144715525568101,1.344202444971673,1
363,1,1610.0,-0.0957004160887656,0.15848484848484845,3
364,1,1612.0,0.0027000964320154294,-0.10576540755467195,3
365,2,1619.0,-0.08985365853658538,0.46935288869502295,3
366,1,1627.0,-0.0512893982808023,1.1748427672955974,1
367,7,1638.0,-0.0722175629538404,-0.8574883720930233,0
368,3,1641.0,0.1910339389986544,-0.8574883720930233,0
369,1,1642.0,0.06992582602832097,-0.8574883720930233,0
370,5,1647.0,-0.023421205452622718,2.0989708317510574,1
371,1,1648.0,-0.15560538116591927,0.2569433669511249,3
372,20,1653.0,-0.02743771264384486,1.1319555596759168,1
373,2,1655.0,-0.18967338258192779,0.945499326493179,1
374,17,1664.0,-0.06404855617063361,1.2717247777216605,1
375,23,1665.0,-0.09546539543501517,3.194902450348381,4
376,5,1680.0,-0.019489281963396412,-0.8574883720930233,0
377,1,1683.0,-0.27167138810198305,1.262285287528006,1
378,1,1706.0,0.009130434782608691,0.4384615384615385,3
379,4,1720.0,-0.04599539921834495,-0.008638743455497385,3
380,1,1731.0,0.002155688622754491,-0.06809583858764187,3
381,1,1733.0,0.02882096069868996,0.4805429864253393,3
382,6,1734.0,0.004988827147795745,-0.8574883720930233,0
383,53,1735.0,0.011068556475558522,0.6928766787996874,3
384,1,1740.0,0.002809917355371901,1.0251089799476898,1
385,1,1745.0,-0.09749702026221692,0.9613026819923373,1
386,3,1748.0,0.08387896916842887,1.8481225000808408,1
387,4,1750.0,0.030497168351269584,1.1593175853018372,1
388,10,1752.0,-0.05296974943423437,-0.8574883720930233,0
389,3,1762.0,-0.07163061564059901,0.372098513704223,3
390,2,1772.0,0.06019417475728156,1.3630387205387207,1
391,3,1785.0,0.126310057225499,-0.8574883720930233,0
392,1,1793.0,-0.09517045454545453,-0.8574883720930233,0
393,45,1794.0,0.05191838905123959,0.5635542386622424,3
394,3,1798.0,-0.05587786259541983,1.6197284148270927,1
395,4,1799.0,-0.027704830912975154,1.1610543875845178,1
396,2,1800.0,-0.09058737818293985,-0.8574883720930233,0
397,2,1808.0,-0.07662558139534884,-0.8574883720930233,0
398,1,1810.0,-0.06434599156118143,0.8778260869565216,1
399,1,1812.0,-0.056768558951965066,-0.8574883720930233,0
400,21,1813.0,-0.013370629152425859,-0.010285714285714283,3
401,4,1814.0,-0.09617553171237257,0.47681405533748755,3
402,1,1815.0,-0.938530135301353,1.0955205047318612,1
403,6,1822.0,-0.06584596625356748,-0.8574883720930233,0
404,5,1823.0,-0.0699136310621005,-0.8574883720930233,0
405,1,1824.0,-0.03238636363636363,-0.8574883720930233,0
406,1,1832.0,0.04221967963386729,-0.8574883720930233,0
407,2,1833.0,0.10446885942160551,-0.8574883720930233,0
408,11,1843.0,-0.1188183357420615,2.0034574723085776,1
409,2,1854.0,-0.16528231959886636,0.757659481183778,3
410,2,1855.0,0.003975535168195718,1.3340432339135742,1
411,2,1856.0,-0.10447128259910046,2.203513181306232,1
412,1,1861.0,-0.1,0.48225108225108226,3
413,5,1870.0,-0.06400134284859774,1.6171082455418024,1
414,2,1872.0,0.015840518432542985,-0.09803299595975298,3
415,4,1873.0,-0.10865236052828568,1.5790643533563344,1
416,3,1885.0,0.24999863825391624,0.8315605318404479,3
417,3,1889.0,-0.07059781293917892,-0.8574883720930233,0
418,1,1893.0,-0.1625386996904025,-0.8574883720930233,0
419,6,1902.0,-0.1225139850755816,1.0922620611533527,1
420,3,1907.0,-0.18960244648318042,1.0652228384464815,1
421,3,1908.0,-0.04459724950884084,1.3261175517313675,1
422,4,1914.0,-0.014147798758420019,-0.8574883720930233,0
423,6,1917.0,-0.938530135301353,0.950077338375437,1
424,2,1927.0,0.04885795454545455,1.3086630198176035,1
425,2,1929.0,-0.04947063943605599,-0.8574883720930233,0
426,1,1938.0,-0.938530135301353,0.9838942307692309,1
427,6,1944.0,-0.041535955721707825,-0.01567164179104478,3
428,1,1949.0,-0.938530135301353,2.7556089743589745,4
429,4,1950.0,-0.044358540419026,-0.8574883720930233,0
430,1,1952.0,0.09130141604855029,-0.8574883720930233,0
431,1,1953.0,-0.1,0.4873563218390805,3
432,5,1955.0,-0.1273211561972907,-0.8574883720930233,0
433,29,1959.0,-0.07687518663234535,2.4320073345999615,4
434,16,1960.0,-0.0510059731388288,-0.8574883720930233,0
435,1,1964.0,-0.09789801479174776,-0.8574883720930233,0
436,4,1966.0,-0.058630184998344194,-0.8574883720930233,0
437,6,1969.0,-0.018047236796804367,1.4108946555362565,1
438,2,1970.0,-0.04618962670860424,-0.8574883720930233,0
439,4,1971.0,-0.03736871295512375,1.1231420130988008,1
440,1,1973.0,0.014798206278026914,-0.0460822342901474,3
441,3,1975.0,-0.07208123111900092,0.8515000995707612,3
442,4,1976.0,0.1627971693429816,-0.8574883720930233,0
443,10,1977.0,0.03184449881742156,-0.8574883720930233,0
444,14,1978.0,-0.07478858794746028,-0.8574883720930233,0
445,13,1979.0,0.029351989056057924,0.20127069935134098,3
446,2,1980.0,0.01876834596218177,-0.06540971718636694,3
447,1,1981.0,-0.04872192099147946,-0.8574883720930233,0
448,1,1982.0,-0.06184971098265898,-0.8574883720930233,0
449,4,1983.0,-0.1211003656846934,0.48938727928892417,3
450,3,1984.0,-0.0951572562299296,0.03397542460904679,3
451,4,1985.0,-0.07693854197762037,0.4977959108608177,3
452,8,1986.0,-0.10174001380976529,2.08736113023719,1
453,6,1987.0,-0.12088359830639166,1.1287959205123612,1
454,1,1990.0,-0.1,1.4469801337725863,1
455,6,1991.0,-0.10992756894498934,2.408439348161704,4
456,2,1993.0,-0.027745664739884386,-0.8574883720930233,0
457,1,1994.0,-0.938530135301353,-0.27081967213114755,3
458,7,1995.0,-0.0940587306354036,1.993461857205368,1
459,4,1998.0,0.007203718048024786,0.18701968647145112,3
460,1,1999.0,-0.060871876661350424,-0.8574883720930233,0
461,8,2000.0,-0.0929701637777809,1.2621616259451556,1
462,2,2001.0,-0.0427098583204445,-0.06751430387794023,3
463,3,2002.0,0.16621167182218147,0.18144164278524355,3
464,2,2003.0,0.02195945945945946,2.3319263579028724,4
465,6,2005.0,-0.027424230368550483,0.33549182561100804,3
466,4,2007.0,-0.1378055805760496,0.8850503709675155,1
467,3,2009.0,-0.12639362408891328,1.0896864742872077,1
468,2,2015.0,0.137158547008547,-0.016784452296819786,3
469,3,2016.0,-0.07293068971813609,-0.8574883720930233,0
470,3,2017.0,-0.0035950599002873493,1.7736638562399094,1
471,2,2019.0,-0.05191539923954372,0.5266873644459003,3
472,2,2020.0,-0.09781510945328359,-0.8574883720930233,0
473,1,2021.0,-0.938530135301353,0.9371880199667222,1
474,2,2023.0,-0.08226600985221674,1.5950837517292662,1
475,2,2024.0,2.911752433450072e-19,1.6107835832734327,1
476,1,2025.0,-0.0914819944598338,2.6759245830311826,4
477,2,2027.0,0.2728583810773185,-0.8574883720930233,0
478,11,2031.0,0.012912807899040028,-0.022462562396006653,3
479,21,2032.0,-0.06276594443999049,2.6494595109749213,4
480,3,2033.0,0.05353733857383493,0.9515366522546479,1
481,4,2035.0,-0.10339290235268445,-0.0284655300222387,3
482,3,2037.0,-0.1987224691298092,-0.8574883720930233,0
483,5,2038.0,-0.11267599337609231,1.0062475837605251,1
484,7,2039.0,-0.006689990149912196,4.0434155769301485,4
485,7,2041.0,-0.002487115812319634,-0.04806102987921169,3
486,3,2042.0,-0.13501679527808116,-0.8574883720930233,0
487,12,2043.0,0.09599595756165802,2.175397595025073,1
488,1,2044.0,-0.09999999999999999,1.041628959276018,1
489,7,2046.0,0.05011827769283841,1.3074724104925868,1
490,1,2048.0,0.11919831223628692,0.39934782608695646,3
491,1,2049.0,0.016462841015992477,-0.050724637681159424,3
492,2,2052.0,-0.028935663618776756,-0.8574883720930233,0
493,10,2053.0,-0.09980282437456581,1.1555863531972714,1
494,1,2054.0,0.01835871404399323,0.9342082239720035,1
495,15,2055.0,-0.0586261598881052,1.790113102582218,1
496,1,2056.0,-0.0940886699507389,0.8103725346968592,3
497,2,2057.0,-0.01020583798021222,0.32388604821037253,3
498,32,2059.0,0.024306161563413697,0.866268740026502,1
499,38,2060.0,0.029946575533460983,1.6511698113207547,1
500,2,2061.0,-0.06394239540922801,0.4616672915885514,3
501,2,2062.0,-0.15,-0.8574883720930233,0
502,1,2064.0,-0.15566502463054183,2.6594594594594594,4
503,6,2065.0,-0.13553456408091188,0.6112420972249621,3
504,4,2066.0,-0.06338761303113588,0.934761664145802,1
505,1,2068.0,-0.2,5.922123080478121,2
506,4,2069.0,0.007237871674491392,1.5266010966311856,1
507,2,2070.0,0.007538235548258866,-0.8574883720930233,0
508,5,2071.0,-0.061023662127301884,-0.8574883720930233,0
509,1,2072.0,-0.938530135301353,0.5066981875492513,3
510,1,2073.0,0.005790297339593114,2.3035044824775874,4
511,4,2074.0,-0.06815336463223787,0.15561533359721225,3
512,1,2076.0,-0.938530135301353,2.9157112705783037,4
513,3,2077.0,-0.03478083092086086,-0.8574883720930233,0
514,2,2078.0,-0.0038266872684772635,-0.8574883720930233,0
515,10,2079.0,-0.04042775048068202,-0.01677103185407024,3
516,9,2080.0,0.0005850853109684337,-0.8574883720930233,0
517,2,2081.0,-0.009604306605932488,0.922784660807138,1
518,2,2082.0,-0.1,0.7211373609967516,3
519,3,2083.0,-0.05563380281690142,1.159595378726186,1
520,2,2084.0,-0.03914029781293624,-0.8574883720930233,0
521,1,2087.0,-0.08566775244299672,0.5249146757679181,3
522,2,2088.0,-0.09297820512820512,-0.8574883720930233,0
523,1,2089.0,-0.1747520288548242,2.6085740913327116,4
524,12,2090.0,-0.06792138542728231,1.6904968951361938,1
525,2,2091.0,-0.10390587182274015,-0.8574883720930233,0
526,1,2092.0,-0.16024930747922436,2.613488034807832,4
527,2,2093.0,-0.12116772236413959,-0.8574883720930233,0
528,4,2094.0,-0.11014395051964739,2.140902815427293,1
529,2,2095.0,-0.09280444270689799,1.8443315656514345,1
530,2,2096.0,0.003927680798004987,0.6670689890788599,3
531,5,2097.0,-0.08486930990919139,2.8257564237605743,4
532,4,2098.0,-0.05776453336426242,0.09113730065993393,3
533,1,2101.0,0.008866995073891625,-0.25770635500365224,3
534,3,2103.0,-0.08865396827077741,1.7936871011540882,1
535,15,2104.0,-0.02049044802065337,-0.8574883720930233,0
536,1,2105.0,-0.11724137931034483,4.7846691603629745,2
537,1,2106.0,-0.16073369565217388,0.35840056120659425,3
538,6,2107.0,0.037239000306746144,1.706515830139721,1
539,1,2109.0,-0.938530135301353,0.5193476649369904,3
540,1,2110.0,0.0024158415841584137,0.3434463046141283,3
541,4,2111.0,-0.09451067606673677,-0.02876712328767123,3
542,20,2113.0,-0.08229104745300667,0.7108077753519014,3
543,9,2116.0,-0.08416397695855399,-0.8574883720930233,0
544,5,2118.0,0.07142532713837997,0.35201150214390614,3
545,1,2120.0,0.024567474048442915,-0.8574883720930233,0
546,8,2121.0,0.002149903739170433,1.2404387154271916,1
547,1,2123.0,0.025301204819277088,-0.8574883720930233,0
548,28,2124.0,-0.0907973112386656,2.1835680651081364,1
549,3,2125.0,-0.059918381425774624,0.26657211648413087,3
550,40,2129.0,0.0933802462141335,-0.8574883720930233,0
551,1,2133.0,-0.09646266142616507,4.223958205537154,4
552,2,2134.0,-0.05966419261404777,-0.8574883720930233,0
553,2,2135.0,-0.12999999999999998,0.7733370550092327,3
554,7,2137.0,-0.07446185034456211,3.7970701331781607,4
555,31,2138.0,-0.08740936321820673,2.292879630264912,4
556,4,2139.0,-0.0633588821190886,0.6667097437280775,3
557,3,2144.0,-0.11067998147770264,1.4964353953495386,1
558,4,2146.0,-0.0922315330387626,2.0614227403532173,1
559,1,2147.0,-0.0935531678399407,1.4432452830188678,1
560,8,2148.0,-0.02712570414790678,3.0925922297247843,4
561,60,2152.0,-0.08580234470651522,1.9087109647680232,1
562,5,2154.0,-0.11906221249542501,-0.8574883720930233,0
563,1,2157.0,0.25294117647058817,0.7316875460574799,3
564,14,2158.0,-0.04601027945012167,0.7939038502858944,3
565,25,2159.0,-0.12155756458928245,2.8007361630141334,4
566,2,2162.0,-0.16315100527325918,-0.8574883720930233,0
567,2,2165.0,-0.14837606837606837,0.2933693403394424,3
568,1,2166.0,0.045099999999999967,-0.8574883720930233,0
569,2,2167.0,-0.08120170152428216,1.6726415094339626,1
570,14,2168.0,-0.08792866535432552,2.2390707057253505,4
571,1,2169.0,-0.09999999999999998,-0.1847002067539628,3
572,1,2170.0,-0.938530135301353,-0.08352,3
573,4,2172.0,-0.08658811593878564,1.7036150283755103,1
574,11,2174.0,-0.07047941923949529,-0.8574883720930233,0
575,4,2177.0,-0.06082762365601101,0.9527005095963521,1
576,7,2180.0,-0.0157384816742811,1.8205559633388206,1
577,2,2182.0,-0.06253213005557018,-0.8574883720930233,0
578,3,2185.0,-0.0603870458135861,1.1175430064249567,1
579,1,2186.0,-0.027524752475247518,-0.8574883720930233,0
580,2,2187.0,-0.1723574257425743,-0.8574883720930233,0
581,2,2188.0,-0.14322772277227724,1.567145145585325,1
582,2,2190.0,0.3977867393278838,-0.8574883720930233,0
583,34,2191.0,0.0017338151068785788,1.6130851430682753,1
584,4,2192.0,0.020668023395820044,-0.8574883720930233,0
585,5,2194.0,-0.11144137164289954,0.3346318582345723,3
586,1,2196.0,-0.14737221022318217,-0.8574883720930233,0
587,16,2197.0,0.03639281824753708,0.2602316652751498,3
588,3,2200.0,-0.06948094503804392,0.2419359091538599,3
589,2,2201.0,-0.1232706325958207,2.006725289606292,1
590,1,2202.0,-0.938530135301353,0.5233962264150943,3
591,3,2203.0,-0.0071217336049560175,-0.11139896373056996,3
592,3,2204.0,-0.12761443253437213,0.46301629987197535,3
593,4,2205.0,-0.007832261370404506,1.2317010885514037,1
594,2,2206.0,-0.04341275635494789,-0.8574883720930233,0
595,1,2207.0,0.004297888106706187,0.23449056603773594,3
596,1,2208.0,-0.1641057934508816,-0.8574883720930233,0
597,10,2209.0,-0.07738626192931145,1.5554511478423876,1
598,3,2210.0,-0.12738917871448077,0.9755378965883903,1
599,45,2211.0,-0.02559706879814052,0.020532962061311215,3
600,4,2212.0,-0.09519506314745202,2.251957085066297,4
601,16,2213.0,-0.08986421701102121,-0.8574883720930233,0
602,6,2216.0,-0.04301915989622129,0.4818031324041132,3
603,14,2217.0,0.02017149000455226,1.3364331661240574,1
604,2,2218.0,-0.13266634980988595,1.7754061752783956,1
605,6,2219.0,-0.10831905504588002,3.295529775700753,4
606,8,2220.0,0.1367511778150422,0.2636684561076523,3
607,3,2222.0,-0.018431558935361213,0.1662544116899323,3
608,8,2223.0,-0.05315895997087707,1.7176119878460137,1
609,2,2224.0,-0.0822824948384746,1.040292373435388,1
610,1,2225.0,-0.23779580797836378,-0.8574883720930233,0
611,14,2226.0,0.0065627888279654835,-0.8574883720930233,0
612,3,2227.0,-0.07066981503435509,0.0,3
613,6,2228.0,0.026851769013383747,-0.047619047619047616,3
614,1,2229.0,0.0020505992010652462,1.3828205826300028,1
615,1,2232.0,-0.07235023041474654,0.41250000000000014,3
616,1,2233.0,-0.0827188940092166,-0.8574883720930233,0
617,2,2234.0,-0.09907511592405989,-0.04361022364217253,3
618,3,2235.0,-0.13441887239390024,-0.8574883720930233,0
619,2,2236.0,-0.02534400957493317,0.4832547169811321,3
620,1,2237.0,-0.0032258064516129167,-0.8574883720930233,0
621,2,2238.0,-0.09025664547663244,-0.8574883720930233,0
622,4,2239.0,-0.07168350829569342,-0.8574883720930233,0
623,4,2240.0,-0.1330304156300552,1.5606283640827336,1
624,3,2241.0,-0.028876679938105252,0.4644529447272025,3
625,1,2243.0,0.04754098360655737,-0.8574883720930233,0
626,4,2244.0,-0.15737289213920055,-0.8574883720930233,0
627,26,2245.0,-0.0942418167709046,2.552866514345997,4
628,2,2247.0,-0.1610022522522523,-0.8574883720930233,0
629,1,2248.0,-0.09645843580914905,0.35261538461538466,3
630,1,2249.0,-0.15131761442441052,1.4799136069114467,1
631,3,2251.0,-0.0455327738071624,0.10255156494591465,3
632,4,2252.0,-0.045648270085965226,0.37938883390713807,3
633,2,2254.0,0.08058201671027623,-0.8574883720930233,0
634,12,2255.0,0.008106864356460597,0.9538843919152058,1
635,2,2257.0,-0.1640046838407494,1.1344128688092727,1
636,5,2258.0,0.003998886179265621,1.2908654443287073,1
637,1,2259.0,-0.08146270818247647,-0.11148999258710156,3
638,18,2260.0,-0.016147439912185285,0.1110248892965995,3
639,5,2261.0,-0.05111872758386654,-0.04316833101149635,3
640,32,2262.0,0.06287824491788695,-0.0711018711018711,3
641,3,2263.0,0.082726524111112,1.2159107333862351,1
642,22,2264.0,-0.07381289349768874,1.8311471312084968,1
643,1,2601.0,-0.938530135301353,0.4563714902807775,3
644,1,2602.0,0.022786759045419564,1.5796,1
645,2,2618.0,-0.07943676074050575,-0.8574883720930233,0
646,1,2619.0,-0.16907975460122704,-0.8574883720930233,0
647,4,2625.0,-0.011216548650689962,-0.0498138775453152,3
648,1,2626.0,0.0,0.38676092544987145,3
649,1,2630.0,0.0964115866839602,-0.8574883720930233,0
650,1,2631.0,-0.1904038532789922,-0.01969811320754717,3
651,1,2637.0,0.01083650190114069,-0.10645036693704131,3
652,1,2638.0,-0.056864988558352404,0.46406250000000004,3
653,3,2640.0,-0.08996598019339877,2.0181638260224095,1
654,1,2642.0,0.1065143824027073,-0.8574883720930233,0
655,1,2645.0,0.020406398616515355,0.8880824372759856,1
656,2,2646.0,-0.12349102564102565,0.09992438528717115,3
657,1,2649.0,0.011617312072892932,0.8673453406421302,1
658,1,2652.0,-0.1983183183183183,-0.8574883720930233,0
659,1,2654.0,-0.09137104506232023,-0.16087388282025822,3
660,1,2657.0,0.01590909090909094,-0.8574883720930233,0
661,2,2658.0,-0.10756608727870223,0.68041919235038,3
662,1,2660.0,0.025554016620498617,2.111602610587382,1
663,1,2663.0,0.06371480472297911,-0.35748837209302325,0
664,1,2670.0,-0.05272323082623194,-0.8574883720930233,0
665,1,2672.0,-0.09999999999999999,5.375341522397145,2
666,2,2673.0,0.021742574257425748,0.8766820924640442,1
667,1,2677.0,-0.16049766718507,1.323402555910543,1
668,1,2684.0,0.05282726568551511,-0.8574883720930233,0
669,3,2690.0,-0.18578322247056275,0.9859406238410958,1
670,2,2694.0,-0.938530135301353,0.11591595255951573,3
671,1,2703.0,-0.09519752130131683,-0.8574883720930233,0
672,1,2705.0,0.02041078305519897,1.5791106295546407,1
673,6,2707.0,-0.010719970717591546,-0.8574883720930233,0
674,6,2710.0,-0.016292713343687863,1.257518543140211,1
675,1,2715.0,-0.09508258258258258,2.5889229589881175,4
676,2,2716.0,-0.05850507169237212,2.1172248816248547,1
677,2,2718.0,-0.09999999999999999,0.4822383252818035,3
678,1,2725.0,-0.11022318214542838,-0.8574883720930233,0
679,1,2729.0,-0.938530135301353,1.126592517694641,1
680,2,2733.0,-0.04954654912137481,-0.8574883720930233,0
681,4,2744.0,-0.19725207411653753,1.3697185852177611,1
682,2,2745.0,-0.05663935588181205,-0.8574883720930233,0
683,2,2749.0,-0.08067326732673265,1.3147104478531861,1
684,1,2750.0,0.060998498498498505,-0.027405136067458803,3
685,1,2752.0,-0.0497536945812808,-0.8574883720930233,0
686,1,2760.0,-0.056717763751127144,-0.8574883720930233,0
687,2,2762.0,0.00324444030358845,0.6354802127916088,3
688,1,2768.0,-0.028000000000000035,-0.8574883720930233,0
689,1,2769.0,-0.09291784702549576,-0.8574883720930233,0
690,1,2774.0,-0.07146932952924394,0.45096870342771983,3
691,1,2787.0,0.004321780059905868,-0.8574883720930233,0
692,2,2793.0,-0.12516212598014498,0.8210901277263088,3
693,1,2795.0,3.911012927656801e-18,-0.20602782071097372,3
694,1,2803.0,-0.13238557558945907,-0.8574883720930233,0
695,8,2811.0,-0.1021898115588343,2.209981793785105,1
696,1,2815.0,-0.11443661971830987,-0.8574883720930233,0
697,2,2817.0,-0.18179366149696563,1.733872969499743,1
698,1,2823.0,-0.938530135301353,-0.054435483870967735,3
699,1,2825.0,-0.037188434695912265,0.5319654427645788,3
700,2,2833.0,0.005864509605662285,-0.8574883720930233,0
701,1,2835.0,-0.006640625000000004,0.9858870967741938,1
702,2,2837.0,-0.938530135301353,0.23494284300731857,3
703,1,2839.0,-0.938530135301353,0.457888914764788,3
704,1,2840.0,-0.17464788732394368,0.511716621253406,3
705,1,2843.0,-0.1358744394618834,0.9081458494957332,1
706,1,2845.0,0.0037151702786377707,-0.08094218415417559,3
707,3,2847.0,0.008498033206731453,1.1103808812546676,1
708,1,2848.0,-0.057582755966127774,-0.8574883720930233,0
709,2,2851.0,-0.09244791448016912,-0.8574883720930233,0
710,1,2854.0,-0.04721941354903944,-0.8574883720930233,0
711,3,2858.0,-0.1017947800677357,-0.8574883720930233,0
712,2,2861.0,-0.11416445313037614,-0.08938091143594154,3
713,7,2866.0,-0.07620120229761343,1.385964736797098,1
714,1,2870.0,0.009359605911330046,-0.8574883720930233,0
715,1,2871.0,-0.1,0.4262380538662032,3
716,1,2874.0,-0.938530135301353,0.48223429014740116,3
717,30,2878.0,-0.004937038814308838,0.859614506618465,1
718,55,2879.0,-0.018339585882748175,0.8387466590487649,3
719,1,2881.0,-0.023144104803493458,-0.8574883720930233,0
720,4,2882.0,0.007515489496575878,-0.8574883720930233,0
721,1,2884.0,-0.938530135301353,0.44528699189423615,3
722,2,2885.0,-0.1218778276590913,-0.8574883720930233,0
723,1,2887.0,-0.12656514382402706,-0.1057742782152231,3
724,2,2888.0,-0.06147470039946737,0.8966376089663761,1
725,4,2891.0,-0.01797231326490247,-0.10079558270252714,3
726,3,2893.0,-0.06722773393720974,1.5996420364110626,1
727,8,2899.0,-0.05788483748130797,1.966459536709323,1
728,1,2900.0,-0.08573466476462198,-0.8574883720930233,0
729,5,2906.0,-0.06749652617700244,2.808664922188482,4
730,5,2907.0,0.11176089955670415,0.5368924788934752,3
731,1,2908.0,-0.15651485148514852,0.49538587178440174,3
732,1,2909.0,-0.10000000000000002,0.4019174656106711,3
733,1,2918.0,-0.09999999999999999,0.5118987341772152,3
734,1,2926.0,-0.11258555133079848,-0.8574883720930233,0
735,3,2927.0,0.07096787971526362,-0.008423326133909288,3
736,1,2939.0,-0.938530135301353,0.5074249775381852,3
737,1,2945.0,-0.023542600896860978,-0.8574883720930233,0
738,5,2946.0,-0.06007950672596135,0.07723721017619661,3
739,1,2947.0,0.017668711656441717,0.28417037507946596,3
740,41,2949.0,-0.002740652084843686,0.8123417850569163,3
741,1,2950.0,-0.070977675134719,1.11416,1
742,1,2951.0,-0.09008264462809917,1.5880104257167678,1
743,10,2959.0,-0.027274126100505204,0.4733673669391916,3
744,1,2960.0,0.033359253499222384,2.6290282834286844,4
745,2,2961.0,-0.23358051130444069,-0.8574883720930233,0
746,3,2963.0,-0.09195312863505795,3.3479402854045404,4
747,4,2964.0,-0.1958096736430045,-0.07531344574146132,3
748,9,2966.0,-0.13466970522547253,1.9368702195539216,1
749,1,2969.0,-0.0708959711365003,0.5913149847094802,3
750,6,2970.0,-0.023744955625461178,2.1798704134021274,1
751,8,2973.0,0.01914775111745973,0.7362183925735245,3
752,3,2974.0,0.0013017309340129328,0.5517630465444288,3
753,4,2975.0,-0.13358491789984955,-0.8574883720930233,0
754,9,2977.0,-0.1235745130734647,0.11751833291080041,3
755,4,2982.0,-0.05732352086743398,0.442371572035535,3
756,2,2984.0,-0.028559852539158152,2.3668050784510726,4
757,1,2986.0,-0.1247961956521739,-0.8574883720930233,0
758,1,2988.0,-0.09945652173913042,1.8899438583373418,1
759,1,2990.0,-0.06498098859315588,0.7779337081384204,3
760,7,2991.0,-0.05199257543091769,1.2553112066476981,1
761,3,2994.0,-0.1050086002440692,-0.08401552422745001,3
762,7,2995.0,-0.08919174877476299,1.741568268337731,1
763,2,2996.0,0.07019935744295247,1.6112331578468306,1
764,2,2998.0,-0.10660585749872693,-0.8574883720930233,0
765,4,2999.0,-0.1332489311569064,0.5285572064296317,3
766,1,3000.0,0.008029878618113917,2.6587954110898657,4
767,1,3003.0,-0.938530135301353,2.280506398039749,4
768,2,3004.0,-0.09547012834984742,0.7107753185242984,3
769,1,3005.0,-0.06641791044776119,0.48157894736842105,3
770,10,3008.0,-0.055528247863665704,-0.8574883720930233,0
771,2,3009.0,-0.17838711371041643,-0.8574883720930233,0
772,1,3010.0,-0.07877138413685847,2.024469117962497,1
773,4,3011.0,-0.11110517511475444,0.7129521125425494,3
774,6,3012.0,-0.07604531231503034,-0.8574883720930233,0
775,3,3013.0,-0.07880992569618073,-0.008713692946058095,3
776,11,3014.0,0.018252433753826746,0.5398641487698199,3
777,4,3016.0,0.06344472864389374,1.912165636217385,1
778,6,3017.0,0.08605959533944633,2.051632977988389,1
779,1,3020.0,-0.09999999999999999,-0.8574883720930233,0
780,2,3021.0,-0.08524391053295281,1.444262114995341,1
781,4,3022.0,-0.21546350946460371,1.7555994281575926,1
782,1,3026.0,0.06106194690265487,-0.8574883720930233,0
783,2,3030.0,0.06524838547928158,-0.8574883720930233,0
784,2,3031.0,0.0038049282880683877,0.1827809230293604,3
785,2,3032.0,-0.06168437157709894,2.684266994343404,4
786,7,3035.0,-0.07111834216524013,-0.8574883720930233,0
787,3,3037.0,-0.02262588546500005,2.3277297371059054,4
788,2,3045.0,-0.2807419671157578,2.091700244503189,1
789,9,3049.0,-0.05143076298738338,1.2155971627036701,1
790,2,3054.0,-0.08468842729970327,0.6652790421016993,3
791,30,3056.0,-0.0630707441046963,-0.8574883720930233,0
792,5,3057.0,-0.06639873832929195,0.9846378180169694,1
793,1,3058.0,-0.17380228136882128,-0.06141367323290845,3
794,2,3059.0,-0.19430296721842238,-0.00474012474012474,3
795,1,3060.0,0.014106463878327,-0.22313634607956737,3
796,1,3061.0,-0.938530135301353,-0.1514870606411742,3
797,1,3063.0,0.011011764705882353,0.46487006737247344,3
798,1,3064.0,-0.09385474860335195,-0.1285816108339273,3
799,9,3065.0,-0.006357168034553361,3.1311261856099595,4
800,6,3067.0,0.1370286444425189,0.8405669028429497,3
801,30,3100.0,-0.09876021323351591,1.9836760465293237,1
802,44,3101.0,-0.01629416866181818,1.2599347090664605,1
803,14,3102.0,-0.10216766748201551,2.830173913939563,4
804,2,3104.0,-0.1189830570808615,1.0250185624379196,1
805,3,3105.0,-0.1578662129309111,-0.03468950749464667,3
806,23,3107.0,-0.0454169565779805,-0.040769779044903774,3
807,7,3108.0,-0.07710561402853953,4.1006927424555935,4
808,1,3109.0,-0.1035876475930972,-0.8574883720930233,0
809,1,3112.0,-0.051916124367317434,0.9217682020802376,1
810,4,3113.0,-0.08135578178403086,-0.8574883720930233,0
811,1,3114.0,-0.938530135301353,1.6387715930902111,1
812,13,3117.0,0.03391939569940071,-0.030127945665170113,3
813,2,3118.0,-0.09035565778996726,0.39513014273719566,3
814,6,3122.0,-0.11959264472367147,2.205786643765658,1
815,2,3123.0,-0.17050454592464354,0.9315398642772958,1
816,1,3124.0,-0.2165329052969502,-0.8574883720930233,0
817,1,3125.0,0.002759810263044416,0.8125497127706585,3
818,4,3126.0,0.013078374965954827,3.2816096101402903,4
819,2,3127.0,-0.03907817776273901,1.8169599463414703,1
820,1,3128.0,-0.084472049689441,-0.8574883720930233,0
821,2,3129.0,0.04265949488299718,-0.8574883720930233,0
822,2,3131.0,0.012112071213728134,1.2788367366722557,1
823,15,3132.0,0.03218827236756707,-0.03684992570579494,3
824,1,3135.0,-0.09469026548672564,1.4609981697070455,1
825,7,3141.0,-0.11098952669702285,-0.8574883720930233,0
826,1,3144.0,-0.2229862475442043,-0.8574883720930233,0
827,12,3147.0,-0.0597103065024324,1.898799760749837,1
828,5,3148.0,0.06898182096572858,-0.8574883720930233,0
829,6,3149.0,-0.0017753514849225965,2.7914302069304693,4
830,1,3150.0,0.028421052631578955,0.19792013311148088,3
831,1,3151.0,-0.07813765182186234,2.132695507487521,1
832,1,3152.0,-0.13271255060728743,-0.8574883720930233,0
833,2,3153.0,-0.2877695413887324,-0.8574883720930233,0
834,1,3155.0,-0.12129554655870445,2.1237104825291175,1
835,20,3156.0,-0.06614023425983329,2.2741676118215723,4
836,5,3157.0,-0.10874734338305474,0.32400970982380334,3
837,2,3158.0,0.0,1.3158939529765998,1
838,1,3159.0,-0.0856692913385827,-0.06439024390243904,3
839,4,3160.0,0.24596501672197493,-0.043469043049170895,3
840,4,3162.0,-0.1329536435412957,1.437981290644796,1
841,10,3164.0,-0.08355749169995769,1.5553026329769648,1
842,3,3165.0,-0.1113956116680352,-0.8574883720930233,0
843,9,3166.0,-0.11388366744103405,2.0667334146439074,1
844,9,3167.0,-0.02007262848326425,0.6721244846895752,3
845,4,3168.0,-0.09062224375822896,0.4396865182832194,3
846,4,3169.0,-0.10815547259920472,-0.8574883720930233,0
847,6,3170.0,-0.012836240092120014,0.7321838587199888,3
848,6,3171.0,-0.12385626104911629,2.0932779778681017,1
849,4,3172.0,0.003904865375496329,-0.06868842791043772,3
850,3,3173.0,-0.09644970414201182,0.8867727374888822,1
851,4,3174.0,-0.1244892549795931,2.1579480471233357,1
852,1,3177.0,-0.1163659793814433,-0.8574883720930233,0
853,12,3178.0,-0.12255411853549272,1.6734753442722792,1
854,2,3179.0,-0.08653328397388438,1.8951045969066591,1
855,4,3180.0,-0.030770551033517196,0.9535937956892255,1
856,10,3207.0,0.0656883925015148,-0.03347732181425486,3
857,10,3208.0,0.03592546219085465,0.2951965846247307,3
858,1,3209.0,-0.06881889763779528,3.248137059911372,4
859,19,3210.0,-0.010392783011348068,-0.8574883720930233,0
860,3,3224.0,-0.13291890633259915,-0.09312067791107377,3
861,1,3225.0,0.00825147347740668,1.017878585723816,1
862,6,3228.0,-0.07932714242354118,1.0181742851098674,1
863,2,3230.0,0.03725050233914817,-0.8574883720930233,0
864,18,3231.0,-0.05658688316660044,1.4454936907372042,1
865,10,3236.0,0.10371371087210526,-0.8574883720930233,0
866,4,3237.0,-0.1,0.6762573412175681,3
867,8,3238.0,0.1485429218307769,0.2558795706431588,3
868,4,3239.0,-0.22728670612155225,-0.8574883720930233,0
869,14,3241.0,0.19350686616845153,-0.8574883720930233,0
870,10,3242.0,-0.15435355310366788,2.854671172101668,4
871,54,3243.0,0.10098934731695575,-0.8574883720930233,0
872,2,3244.0,-0.0019435733716185524,0.13982568853294866,3
873,10,3245.0,-0.08680829747466422,1.8191095940500095,1
874,4,3246.0,-0.11944303749134284,0.5042657431202275,3
875,2,3269.0,-0.19281228372084325,-0.8574883720930233,0
876,7,3270.0,-0.09394967570742961,0.08369593619445591,3
877,5,3273.0,-0.0479041496380232,0.9644047140186707,1
878,1,3274.0,0.005900621118012422,0.9471550510230691,1
879,1,3276.0,-0.09005886200130803,-0.037798408488063664,3
880,5,3279.0,0.023018279038104786,-0.8574883720930233,0
881,2,3280.0,0.02840186519711742,1.180032550300312,1
882,2,3281.0,-0.11436853481772287,2.12418587613132,1
883,1,3282.0,0.04697802197802198,0.8699576868829337,1
884,2,3283.0,-0.15727402665507006,-0.8574883720930233,0
885,7,3285.0,-0.0718030834804835,-0.8574883720930233,0
886,36,3287.0,-0.01053580023363071,0.48997810498095223,3
887,4,3288.0,-0.004903310830956943,-0.8574883720930233,0
888,1,3289.0,-0.11323442136498517,0.5248342374924654,3
889,15,3291.0,-0.03906235593837115,-0.8574883720930233,0
890,1,3294.0,-0.05697243932538049,-0.2654469854469855,3
891,7,3320.0,-0.036346798952077375,0.6708676319837047,3
892,1,3321.0,-0.938530135301353,-0.07454931071049842,3
893,2,3323.0,0.010557184750733136,1.0033667965405992,1
894,3,3325.0,0.12224774433861303,-0.8574883720930233,0
895,2,3326.0,-0.09407114624505929,1.6072287747293283,1
896,13,3327.0,-0.042180691190856455,2.1551270640635463,1
897,5,3329.0,-0.07594189898007628,1.3102594274339503,1
898,1,3330.0,-0.438530135301353,-0.05076045627376426,3
899,6,3331.0,-0.12934869591756754,2.3697337784345005,4
900,13,3332.0,-0.04345346141069559,1.7093860249343795,1
901,6,3334.0,-0.07012623186617835,3.7628710949908606,4
902,2,3336.0,-0.227986659643525,-0.8574883720930233,0
903,10,3340.0,-0.09041868930645547,-0.8574883720930233,0
904,4,3341.0,-0.06442694452256852,0.42957395871271503,3
905,13,3348.0,0.1261447685692235,-0.8574883720930233,0
906,7,3349.0,0.026337792945865083,-0.8574883720930233,0
907,1,3350.0,-0.938530135301353,2.9196050775740474,4
908,4,3351.0,-0.1052132257143778,1.469660364768618,1
909,15,3352.0,-0.02826278128402409,1.6326265871287637,1
910,1,3354.0,-0.07541899441340782,-0.3292943692088382,0
911,11,3355.0,-0.02329517924092027,0.0,3
912,2,3358.0,-0.1419041450777202,-0.8574883720930233,0
913,1,3393.0,-0.1317967522262965,-0.8574883720930233,0
914,1,3395.0,-0.06872708224201154,2.081965442764579,1
915,5,3396.0,-0.126807362348008,2.576922270675249,4
916,2,3414.0,-0.2052924145970677,0.9265523154422729,1
917,10,3416.0,0.05539816849120236,-0.8574883720930233,0
918,6,3426.0,0.044685305024327916,1.8567147124533936,1
919,6,3434.0,-0.06742250514929925,3.584128549661554,4
920,2,3435.0,-0.03817119891947139,1.7444367060421868,1
921,3,3436.0,-0.09574601833814196,-0.8574883720930233,0
922,1,3437.0,-0.1627388535031847,-0.8574883720930233,0
923,13,3446.0,-0.08533198070473946,0.8710425392957707,1
924,7,3447.0,-0.0010764427744570579,0.06635603217554004,3
925,9,3451.0,-0.09972771886762659,2.594029919208889,4
926,2,3455.0,-0.07459596445561888,1.1478566928400353,1
927,1,3457.0,-0.06624999999999999,-0.2658378915962208,3
928,6,3460.0,-0.02621465395484528,-0.019210657593585097,3
929,6,3461.0,-0.03194639478528664,-0.8574883720930233,0
930,3,3463.0,-0.08622200948349938,0.4674395902794486,3
931,6,3465.0,-0.08217697600831612,0.7762296184094066,3
932,1,3466.0,0.0027045300878972283,-0.08545830461750517,3
933,2,3467.0,-0.07809299033825581,-0.8574883720930233,0
934,12,3468.0,-0.005999252279294723,0.19542279300092838,3
935,1,3469.0,-0.1,-0.16264645072363887,3
936,15,3470.0,-0.05130558801634433,1.9134080612064654,1
937,41,3474.0,0.06612096130552761,0.1864801531446271,3
938,4,3476.0,0.011161685785341699,0.928235010626788,1
939,1,3477.0,-0.938530135301353,0.48947368421052634,3
940,1,3478.0,0.11758241758241758,3.252186177715092,4
941,4,3488.0,-0.04097358891375239,0.4281816086664883,3
942,3,3498.0,-0.0888847670405305,-0.8574883720930233,0
943,2,3499.0,-0.011343635997403817,0.23128970357222287,3
944,18,3502.0,-0.08204867241003996,1.6074668627021744,1
945,25,3513.0,-0.027028866503284277,-0.04008746355685131,3
946,13,3514.0,-0.04825338040560667,1.3175446361305727,1
947,1,3516.0,0.005192761605035405,2.7339207048458145,4
948,1,3517.0,-0.18295888088172954,-0.8574883720930233,0
949,1,3520.0,-0.938530135301353,-0.27255717255717254,3
950,12,3521.0,-0.014043391439427866,-0.8574883720930233,0
951,1,3522.0,0.06565199506375977,1.6412058212058214,1
952,3,3524.0,-0.001733058546537709,-0.8574883720930233,0
953,5,3525.0,-0.08681318681318682,0.7135072053825258,3
954,2,3526.0,-0.938530135301353,0.7583473354760482,3
955,3,3527.0,-0.0003343070624387181,-0.8574883720930233,0
956,1,3528.0,-0.938530135301353,-0.061621621621621624,3
957,22,3529.0,-0.10473241350467555,1.5409184389347201,1
958,6,3530.0,-0.04484814219441177,0.5212880954968717,3
959,3,3532.0,0.013235660089420806,1.574337221633086,1
960,1,3535.0,-0.1898261975413311,-0.8574883720930233,0
961,1,3537.0,-0.0659177617634591,-0.8574883720930233,0
962,4,3541.0,-0.07042387143685483,1.3180172156070862,1
963,12,3542.0,-0.04942330857117791,2.0017539808434064,1
964,3,3543.0,-0.046073481996450366,0.6680140634890952,3
965,1,3544.0,0.08675096206706981,-0.8574883720930233,0
966,7,3545.0,-0.08209138608754203,2.243994652931892,4
967,1,3546.0,-0.08579906740144128,-0.8574883720930233,0
968,1,3547.0,-0.02211055276381913,-0.8574883720930233,0
969,8,3550.0,0.007554751557306012,1.7106454070840043,1
970,8,3561.0,-0.008492065934239255,-0.8574883720930233,0
971,5,3573.0,-0.11061260890004158,-0.8574883720930233,0
972,3,3574.0,-0.048572586451420714,1.783024229031889,1
973,25,3591.0,-0.11242079181953285,2.7600330746896473,4
974,2,3595.0,-0.11558132382590469,-0.09055762081784387,3
975,1,3596.0,-0.14935233160621764,-0.8574883720930233,0
976,1,3597.0,-0.049352331606217624,1.3202640264026404,1
977,41,3600.0,0.20261294565685772,0.06477203381159104,3
978,5,3605.0,-0.007017504519617421,1.2610304887066976,1
979,2,3608.0,-0.10371640732684786,-0.8574883720930233,0
980,1,3610.0,-0.17020725388601038,-0.1001980198019802,3
981,6,3611.0,-0.05580399750849576,1.7996643171872015,1
982,1,3616.0,-0.0735991379310345,-0.8574883720930233,0
983,1,3617.0,-0.06831896551724138,-0.8574883720930233,0
984,3,3618.0,-0.1329665133486474,1.0131057664774519,1
985,1,3622.0,-0.020206185567010326,-0.8574883720930233,0
986,5,3626.0,-0.09486386043313713,0.48905160390516034,3
987,2,3627.0,-0.09702072538860104,1.4886317116109828,1
988,12,3628.0,0.08787279497015477,1.0902664787210847,1
989,3,3631.0,-0.1,3.268828770366934,4
990,13,3633.0,0.013961406924366064,1.1801412180052957,1
991,2,3634.0,-0.14803312629399584,-0.8574883720930233,0
992,3,3635.0,-0.050747232365720624,1.6191217760665657,1
993,6,3637.0,0.12931683327010435,-0.8574883720930233,0
994,1,3638.0,-0.08007761966364813,7.528259050010463,2
995,6,3640.0,-0.13308469900943207,0.14588117401335288,3
996,7,3641.0,0.0016068405573430936,2.995665772526188,4
997,6,3642.0,0.014421819183624174,0.9319889196883246,1
998,1,3643.0,0.07865612648221344,-0.8574883720930233,0
999,30,3644.0,-0.016242247115554966,2.044918272213748,1
1000,2,3647.0,-0.16175043941954165,-0.8574883720930233,0
1001,1,3648.0,-0.18221343873517784,-0.048558421851289835,3
1002,1,3651.0,0.023913043478260863,-0.8574883720930233,0
1003,1,3652.0,-0.938530135301353,-0.0846235418875928,3
1004,1,3657.0,-0.938530135301353,0.2813353566009105,3
1005,1,3658.0,-0.0751592356687898,1.57108239095315,1
1006,1,3663.0,-0.07251908396946564,-0.8574883720930233,0
1007,1,3664.0,0.02213740458015266,-0.031331592689295036,3
1008,1,3665.0,0.012977099236641221,-0.09086161879895562,3
1009,1,3666.0,-0.06641221374045801,-0.8574883720930233,0
1010,1,3669.0,-0.0022900763358778735,0.5310704960835508,3
1011,18,3675.0,-0.009277762530618787,0.13422166395505197,3
1012,1,3677.0,0.11788187372708751,-0.8574883720930233,0
1013,1,3680.0,-0.1561808409737591,0.3910177705977383,3
1014,1,3682.0,-0.048741229880313666,3.1919974943230764,4
1015,6,3685.0,-0.05868573876564484,0.8765365709046358,1
1016,4,3693.0,-0.04546386778948614,-0.03406795224977043,3
1017,8,3695.0,-0.024733187603072658,1.0622905542489565,1
1018,5,3696.0,-0.0357769060888014,2.148196150348467,1
1019,12,3698.0,-0.06693674415443962,1.9542637922543953,1
1020,1,3699.0,-0.938530135301353,-0.2018737270875764,3
1021,1,3701.0,-0.07836257309941522,-0.8574883720930233,0
1022,1,3702.0,-0.0011695906432748588,-0.8574883720930233,0
1023,8,3703.0,-0.02494919388398672,-0.8574883720930233,0
1024,1,3704.0,-0.938530135301353,-0.8574883720930233,0
1025,1,3713.0,-0.21319796954314726,-0.8574883720930233,0
1026,1,3719.0,-0.08295921593423966,-0.8574883720930233,0
1027,5,3720.0,-0.09162957570638677,-0.8574883720930233,0
1028,25,3721.0,-0.008100027754461026,-0.8574883720930233,0
1029,1,3724.0,-0.06820143884892084,-0.06802325581395349,3
1030,2,3725.0,-0.07320625258814945,-0.8574883720930233,0
1031,1,3727.0,-0.0633587786259542,-0.0845953002610966,3
1032,1,3728.0,-0.038931297709923665,-0.8574883720930233,0
1033,1,3729.0,0.0061068702290076335,-0.1535248041775457,3
1034,2,3733.0,-0.0725658692571171,1.243315244417047,1
1035,4,3735.0,-0.03492769744160179,3.2501725141338667,4
1036,4,3736.0,0.003036949918534284,3.2984304774192426,4
1037,2,3737.0,-0.15404814004376371,-0.8574883720930233,0
1038,2,3739.0,-0.10201114301339895,-0.8574883720930233,0
1039,3,3740.0,-0.09587563451776651,1.1133633313859514,1
1040,1,3743.0,0.002070063694267516,-0.12390953150242329,3
1041,6,3745.0,-0.030238538380910923,1.6397137294034672,1
1042,2,3746.0,-0.1778661784640297,2.102308141938611,1
1043,11,3747.0,-0.16343298191185546,2.241598003653366,4
1044,1,3748.0,-0.19999999999999996,1.3044943820224717,1
1045,8,3749.0,0.0032534054182815214,-0.8574883720930233,0
1046,6,3756.0,0.1416657479265547,-0.04012370919072841,3
1047,1,3758.0,-0.938530135301353,3.644688229207704,4
1048,3,3759.0,-0.04183825188254409,-0.8574883720930233,0
1049,1,3766.0,-0.1304034582132565,0.7878066914498143,3
1050,2,3767.0,-0.045649801706525654,0.6831379948306183,3
1051,4,3768.0,-0.11307121838142306,-0.8574883720930233,0
1052,1,3769.0,-0.1,0.4451263537906137,3
1053,1,3770.0,0.0020632737276478678,-0.07724425887265135,3
1054,2,3772.0,-0.06739722046434807,3.743612766918061,4
1055,5,3775.0,-0.13278368254917897,3.5037352235761063,4
1056,9,3779.0,-0.10648496452464348,-0.8574883720930233,0
1057,2,3780.0,-0.02544378698224852,-0.8574883720930233,0
1058,7,3782.0,-0.06714881625633846,1.7241932452311464,1
1059,9,3783.0,-0.10465819075789305,-0.8574883720930233,0
1060,17,3786.0,-0.038075238756592016,1.9541501120159959,1
1061,3,3787.0,-0.026366928156346097,1.331651828276516,1
1062,20,3788.0,-0.0925550138240886,2.4188345096793116,4
1063,4,3792.0,-0.14576434823857098,1.4533896002117992,1
1064,5,3793.0,-0.08065595168765112,-0.01772692282243657,3
1065,20,3798.0,-0.07351217844345889,-0.04754977029096478,3
1066,3,3799.0,0.001010392609699769,1.5810391824103027,1
1067,14,3816.0,-0.027549202846615415,0.2406207848026223,3
1068,12,3817.0,0.10741627106195817,0.6204944908665276,3
1069,15,3821.0,-0.055135442682316266,2.307162875847674,4
1070,4,3823.0,-0.070433272199693,-0.049598308668076116,3
1071,1,3824.0,-0.08732943469785577,0.47351072279586975,3
1072,2,3826.0,-0.15127654248345773,-0.8574883720930233,0
1073,3,3829.0,-0.036258919823467704,3.5629703662875394,4
1074,5,3830.0,-0.09684769678462657,2.361752425505765,4
1075,2,3831.0,0.20348211459322568,3.37869291412418,4
1076,26,3832.0,0.01830904981383506,-0.8574883720930233,0
1077,2,3833.0,0.055147356731787237,-0.8574883720930233,0
1078,2,3834.0,0.0033587786259541984,1.0710343664836957,1
1079,2,3835.0,-0.08115600769553616,-0.8574883720930233,0
1080,4,3836.0,0.003355476090272154,1.6355986059862262,1
1081,1,3837.0,-0.04924281984334203,0.46991434689507494,3
1082,3,3838.0,-0.938530135301353,1.4039213078117576,1
1083,5,3839.0,-0.049999999999999996,1.4374278927542985,1
1084,1,3840.0,-0.044222807677832154,-0.8574883720930233,0
1085,1,3841.0,-0.06854499579478553,-0.21304721030042917,3
1086,4,3842.0,0.11018272036804656,-0.8574883720930233,0
1087,8,3845.0,0.017857912636214272,0.3118378069722009,3
1088,6,3846.0,-0.10062349843441802,3.630062870827354,4
1089,6,3847.0,0.10890539559116728,-0.09702409069437884,3
1090,5,3850.0,-0.1529389170792987,2.1126651031465493,1
1091,5,3852.0,-0.0991176775654547,1.9834101371694832,1
1092,2,3853.0,-0.15227371627502176,-0.8574883720930233,0
1093,1,3854.0,0.006051873198847262,2.0467962523491408,1
1094,22,3855.0,-0.04936998395744018,1.9381552961669954,1
1095,1,3856.0,-0.13796344647519582,-0.8574883720930233,0
1096,2,3858.0,-0.2173731200437517,-0.8574883720930233,0
1097,3,3859.0,-0.11929227456514574,2.152950138397793,1
1098,2,3860.0,-0.09472730811021196,0.20117338966375362,3
1099,3,3861.0,0.041712302288516155,1.9244751586677837,1
1100,1,3862.0,-0.1633420365535248,-0.8574883720930233,0
1101,1,3863.0,-0.0812097812097812,-0.10512483574244415,3
1102,4,3865.0,-0.1906849736889063,1.643170093693961,1
1103,1,3871.0,-0.062119503945885016,-0.026674364896073905,3
1104,5,3872.0,-0.09553885688193621,0.9133307283889011,1
1105,1,3875.0,-0.06335877862595418,1.0809399477806787,1
1106,1,3877.0,-0.07862595419847328,-0.8574883720930233,0
1107,4,3878.0,0.07894274556675644,0.7604527354289882,3
1108,1,3880.0,0.02849043231750531,0.3060769507371449,3
1109,6,3881.0,-0.17580499701841487,0.9303560286951904,1
1110,1,3882.0,-0.09212146081247435,-0.1575302461410096,3
1111,6,3883.0,-0.004788105828330666,0.9224776877431904,1
1112,1,3884.0,0.19774127310061604,-0.8574883720930233,0
1113,5,3885.0,0.024138518971333338,1.1084722907903566,1
1114,4,3887.0,-0.06077872675476972,-0.8574883720930233,0
1115,8,3888.0,-0.011508779377531904,-0.8574883720930233,0
1116,23,3889.0,-0.015586374265257748,-0.8574883720930233,0
1117,5,3890.0,-0.08089780189488156,1.5609772263503765,1
1118,9,3898.0,-0.042199906722676386,1.3234153960511517,1
1119,6,3900.0,-0.021567143834166472,-0.8574883720930233,0
1120,3,3903.0,-0.1386051263325914,-0.8574883720930233,0
1121,2,3908.0,-0.14156021140792716,1.54152019985183,1
1122,5,3909.0,-0.11671958428804949,3.1699899969266347,4
1123,4,3910.0,-0.1317503265372114,-0.8574883720930233,0
1124,2,3911.0,-0.04391249004012214,0.30654595420443514,3
1125,2,3912.0,-0.05192748001230765,0.958288340075052,1
1126,3,3914.0,0.0033146067415730338,0.8890517090347606,1
1127,1,3915.0,-0.09471982758620688,1.3485393258426965,1
1128,4,3916.0,-0.03981344029405255,1.285678379403924,1
1129,1,3917.0,-0.19474764054164956,0.906299541093033,1
1130,1,3918.0,-0.05144157814871018,-0.08095485210171251,3
1131,1,3921.0,-0.09999999999999999,-0.06498470948012232,3
1132,4,3922.0,-0.08841034390978897,1.3916390343910578,1
1133,2,3923.0,-0.938530135301353,1.331597295452653,1
1134,7,3924.0,-0.07388139392882152,3.309832565775353,4
1135,3,3925.0,-0.029884515168570904,-0.09346278317152104,3
1136,3,3928.0,-0.12673728919213992,0.5375172953702055,3
1137,4,3929.0,0.07681381153195868,-0.8574883720930233,0
1138,5,3930.0,0.0035594874689941864,2.3205751330617455,4
1139,9,3932.0,0.03239639141192586,-0.8574883720930233,0
1140,1,3935.0,-0.09999999999999998,-0.06892950391644909,3
1141,5,3936.0,-0.019553353246118066,1.044263752192913,1
1142,1,3940.0,-0.938530135301353,1.0814113597246129,1
1143,3,3951.0,-0.0026004742181549487,0.4183133410157066,3
1144,2,3952.0,-0.09227799227799226,1.1616051099515625,1
1145,4,3955.0,-0.03262775283301261,1.370346524892527,1
1146,1,3956.0,-0.938530135301353,0.43969135802469145,3
1147,1,3965.0,-0.938530135301353,-0.08994159636599611,3
1148,1,3966.0,-0.18945578231292518,-0.05889464594127807,3
1149,1,3968.0,0.012411347517730497,-0.8574883720930233,0
1150,9,3969.0,-0.002204774850809872,0.5018181378993702,3
1151,1,3970.0,-0.09999999999999999,0.36679657053780196,3
1152,1,3972.0,-0.1612015018773467,-0.8574883720930233,0
1153,3,3973.0,-0.15354314183351925,2.1179572361551675,1
1154,2,3976.0,-0.04035532994923858,0.1549400247042513,3
1155,2,3978.0,-0.025618233802266688,1.0022893684599223,1
1156,1,3979.0,0.031972789115646244,-0.8574883720930233,0
1157,1,3980.0,-0.06836734693877551,-0.8574883720930233,0
1158,7,3981.0,0.10166879749242948,0.0012065751612027487,3
1159,5,3983.0,-0.10454621790968897,1.7835211422337474,1
1160,3,3984.0,-0.02536397787007898,2.6991574181901012,4
1161,4,3985.0,-0.09988126836812777,0.16822786494168493,3
1162,5,3986.0,-0.09072588215849837,1.0237881076749313,1
1163,1,3987.0,-0.07407407407407407,-0.8574883720930233,0
1164,7,3988.0,0.14791486543448004,-0.8574883720930233,0
1165,2,3989.0,-0.14208859738940444,0.5330406197641084,3
1166,1,3990.0,-0.050354609929078004,-0.12768240343347637,3
1167,25,3991.0,-0.07239333730789081,1.7538822515864718,1
1168,19,3993.0,-0.059366624732457345,2.765153006841208,4
1169,3,3994.0,-0.14869136212423192,-0.8574883720930233,0
1170,5,3996.0,-0.001015637331982705,2.472788776052126,4
1171,9,3998.0,-0.056948471932271844,1.5496424006014544,1
1172,4,4001.0,-0.11922620219653018,2.6426711814467145,4
1173,2,4002.0,-0.08576145274453158,0.4577180891517385,3
1174,1,4003.0,-0.18119001919385797,0.3027847714961471,3
1175,2,4004.0,-0.12551039856905133,-0.17977003484320558,3
1176,1,4012.0,-0.10293122886133034,-0.024249422632794455,3
1177,4,4019.0,-0.08448062402032681,-0.8574883720930233,0
1178,6,4022.0,-0.05584821896834843,0.6709576444044045,3
1179,3,4027.0,-0.01155366730313219,0.22213146842715123,3
1180,9,4028.0,-0.024095923733639703,0.8597953407455413,1
1181,17,4033.0,0.011823813124399878,0.726739548295889,3
1182,1,4034.0,-0.0978274363749224,-0.26668765743073053,3
1183,13,4062.0,-0.05911225462970909,3.0688167801458426,4
1184,13,4063.0,-0.055019698945601894,3.023302733324885,4
1185,1,4064.0,-0.07910731244064577,0.3172236503856042,3
1186,6,4066.0,0.044245604566440416,1.652217004442442,1
1187,13,4069.0,0.10342255713557838,0.31048755098302183,3
1188,9,4083.0,-0.010017885038028928,-0.8574883720930233,0
1189,6,4089.0,-0.008279567575803079,1.471888985256359,1
1190,1,4104.0,-0.23256198347107437,-0.8574883720930233,0
1191,1,4108.0,-0.057553426676492256,-0.8574883720930233,0
1192,1,4115.0,-0.938530135301353,-0.3011506652283351,3
1193,1,4123.0,-0.036686390532544376,-0.8574883720930233,0
1194,8,4137.0,0.02728283648142494,-0.8574883720930233,0
1195,1,4185.0,0.1952662721893491,-0.8574883720930233,0
1196,1,4212.0,-0.07736625514403292,-0.12017994858611825,3
1197,1,4218.0,-0.15751633986928104,0.2876199616122841,3
1198,2,4224.0,-0.051815754124910976,0.8700177996707199,1
1199,10,4225.0,0.05235916050717569,0.6119759835500613,3
1200,3,4226.0,-0.028402838281120783,0.5588454532550514,3
1201,1,4227.0,-0.08179059180576632,0.44431759211209126,3
1202,6,4230.0,0.05995144735217506,-0.04144427001569859,3
1203,1,4234.0,-0.08031830238726789,-0.8574883720930233,0
1204,2,4238.0,-0.033297413793103456,0.39609153234147765,3
1205,4,4243.0,-0.14515528713254436,0.72764293369786,3
1206,1,4246.0,-0.2670767004341534,-0.8574883720930233,0
1207,1,4247.0,-0.09472789115646259,0.28946459412780656,3
1208,2,4248.0,-0.11138913847159848,0.10754914178433704,3
1209,2,4249.0,-0.027563451776649744,1.5475527870772228,1
1210,3,4250.0,-0.08250742734474119,0.8057442560385745,3
1211,5,4252.0,-0.10946232781278638,-0.8574883720930233,0
1212,4,4253.0,-0.18740955137481907,3.488735694470462,4
1213,4,4254.0,-0.07786471105672596,0.15291755031025203,3
1214,7,4257.0,0.040763446304298886,2.3935611231179696,4
1215,1,4266.0,0.0370748299319728,-0.8574883720930233,0
1216,2,4267.0,0.0450402144772118,1.5906928431102383,1
1217,2,4268.0,0.03638494463523226,-0.036404931862427,3
1218,1,4269.0,-0.09682726204465333,1.4372175980975028,1
1219,1,4270.0,-0.09525159461374912,-0.10841423948220064,3
1220,6,4271.0,-0.045242258153523444,1.078664333404607,1
1221,1,4273.0,0.004513274336283188,0.416073018699911,3
1222,1,4278.0,-0.09812672176308537,-0.8574883720930233,0
1223,3,4299.0,-0.04678284182305631,1.8257623864637986,1
1224,1,4307.0,-0.09156498673740056,0.4730184456278459,3
1225,11,4310.0,-0.05792497324596437,2.0086910649535157,1
1226,1,4311.0,-0.938530135301353,0.8787564766839379,3
1227,3,4314.0,-0.08410025667855474,0.6287129340936206,3
1228,4,4316.0,-0.14997793852365277,-0.8574883720930233,0
1229,1,4318.0,-0.08115942028985508,0.8581292517006802,3
1230,1,4319.0,-0.03719806763285024,0.8020408163265306,3
1231,2,4320.0,-0.027815531019337515,1.5929489600169175,1
1232,5,4325.0,0.05147408466641804,-0.8574883720930233,0
1233,1,4331.0,-0.08992366412213738,0.5142634450506625,3
1234,1,4332.0,0.009557408595253369,-0.09850746268656715,3
1235,3,4335.0,-0.09319872476089266,1.4292671884451238,1
1236,2,4336.0,-0.15342166912717722,-0.8574883720930233,0
1237,3,4339.0,-0.061769717198917495,3.4265274566142234,4
1238,1,4340.0,-0.018628318584070783,0.4932769367764916,3
1239,2,4359.0,-0.13902566366422453,-0.8574883720930233,0
1240,2,4362.0,0.12947092640329347,-0.8574883720930233,0
1241,2,4373.0,-0.1347706043054752,-0.03149525337766336,3
1242,2,4380.0,-0.09877390574562518,-0.21693146769322974,3
1243,2,4386.0,0.06429888677062802,0.829545322422572,3
1244,6,4387.0,0.03447479986601859,-0.014829545120013592,3
1245,4,4389.0,0.006496651229505698,1.1033966867137335,1
1246,1,4390.0,0.0032822757111597373,0.573521624007061,3
1247,6,4393.0,-0.03707280048291403,1.0167086512537122,1
1248,10,4399.0,-0.06825339568375857,1.9965031436370058,1
1249,10,4412.0,-0.04368130440358195,-0.8574883720930233,0
1250,2,4413.0,-0.11562762657317907,-0.8574883720930233,0
1251,1,4414.0,0.028954423592493294,7.342465753424659,2
1252,5,4417.0,0.08906937661821823,-0.8574883720930233,0
1253,2,4419.0,-0.049591254370805034,-0.8574883720930233,0
1254,5,4420.0,-0.05532279875426567,1.8866868910538497,1
1255,3,4421.0,0.017816091954022988,1.8925906157446046,1
1256,12,4423.0,0.009215733891206918,1.2991231322257946,1
1257,14,4425.0,0.14408984759051577,-0.8574883720930233,0
1258,1,4426.0,-0.938530135301353,-0.8574883720930233,0
1259,1,4428.0,-0.031339712918660265,-0.8574883720930233,0
1260,6,4429.0,-0.10186993232418946,1.1253880219647516,1
1261,1,4430.0,-0.049061662198391434,-0.8574883720930233,0
1262,3,4453.0,-0.19284694599989405,0.5354989204986588,3
1263,2,4454.0,-0.16430044754111084,1.1139469663326391,1
1264,1,4459.0,-0.07869822485207101,-0.11191335740072202,3
1265,1,4474.0,-0.23336875664187035,1.8546076907375133,1
1266,1,4477.0,-0.04590163934426231,-0.8574883720930233,0
1267,1,4479.0,-1.1854537429262452e-18,3.2034204177395433,4
1268,2,4480.0,0.09844864719343113,0.356627826991324,3
1269,2,4481.0,-0.08766875973375393,1.354539421216365,1
1270,1,4482.0,-0.2368723098995696,1.1024781341107872,1
1271,1,4483.0,-0.19736967957914875,-0.14965986394557823,3
1272,2,4485.0,-0.2058790278496367,-0.8574883720930233,0
1273,2,4487.0,-0.13756868956494925,-0.03452566096423017,3
1274,1,4488.0,-0.17864476386036962,0.4665269774751179,3
1275,1,4494.0,-0.05995893223819302,1.0529072812991096,1
1276,6,4509.0,-0.001170554084577317,-0.8574883720930233,0
1277,1,4510.0,-0.938530135301353,0.43563624678663243,3
1278,1,4511.0,-0.938530135301353,0.14225578406169673,3
1279,2,4512.0,-0.938530135301353,1.7756548559282774,1
1280,6,4527.0,-0.08695417852029373,2.6788224816725332,4
1281,1,4532.0,-0.05518035303146583,-0.11508553654743389,3
1282,5,4536.0,-0.07998871025099366,1.2185324635275003,1
1283,5,4538.0,-0.07400858472850752,-0.8574883720930233,0
1284,4,4539.0,-0.08791733045548761,1.4240806522599718,1
1285,5,4542.0,-0.08680151041483633,-0.8574883720930233,0
1286,1,4557.0,0.010874200426439233,0.43082747431043805,3
1287,5,4558.0,-0.004241788061991178,-0.8574883720930233,0
1288,2,4562.0,-0.1,0.9571285987047305,1
1289,1,4566.0,-0.07772988505747126,1.0407339449541286,1
1290,1,4568.0,-0.938530135301353,2.5926089084679393,4
1291,3,4570.0,-0.09639212243138101,0.0348099024315923,3
1292,1,4571.0,-0.0870671672924489,-0.1662127659574468,3
1293,1,4572.0,-0.0947871831659493,-0.05077745383867832,3
1294,2,4574.0,-0.06223210291645996,0.5705684569810427,3
1295,4,4575.0,-0.05832564462971659,1.742846780775807,1
1296,10,4579.0,-0.10269187742390444,3.2951875458184645,4
1297,2,4587.0,0.06991877090255758,-0.8574883720930233,0
1298,2,4588.0,0.012243508703685721,2.851443401929712,4
1299,1,4589.0,-0.938530135301353,1.0001780943900271,1
1300,1,4592.0,-0.09048178613396003,0.15695600475624252,3
1301,2,4593.0,-0.10820433436532506,2.9445665256802878,4
1302,2,4605.0,-0.22356972619341434,-0.03887255131219479,3
1303,1,4608.0,-0.2553323768531803,-0.8574883720930233,0
1304,3,4609.0,-0.04057075859339474,3.6412983767561844,4
1305,1,4621.0,-0.19475106136626785,-0.8574883720930233,0
1306,1,4624.0,-0.14192837465564737,-0.8574883720930233,0
1307,1,4625.0,-0.938530135301353,1.5184327693677648,1
1308,2,4626.0,-0.04867354458364038,0.14733385871272187,3
1309,1,4636.0,-0.07195907540735128,4.218041634541249,4
1310,1,4641.0,-0.938530135301353,-0.08401602849510242,3
1311,1,4646.0,-0.1947393591582975,-0.2431972789115646,3
1312,2,4648.0,-0.012450298375419527,-0.8574883720930233,0
1313,3,4650.0,-0.0385770135085667,3.094282147833803,4
1314,15,4652.0,-0.03275469044138303,3.114707817217196,4
1315,6,4653.0,0.013830714107066438,3.4439077824071975,4
1316,6,4654.0,0.22876188629361524,0.11238074247110968,3
1317,3,4656.0,-0.0007162534435261623,0.8028847982581256,3
1318,1,4675.0,-0.938530135301353,-0.18831003811944091,3
1319,3,4681.0,0.029752777142835442,-0.8574883720930233,0
1320,1,4683.0,-0.938530135301353,0.2735099337748344,3
1321,1,4684.0,-0.938530135301353,0.4129860031104199,3
1322,7,4690.0,-0.10985365826879509,1.1301461190055069,1
1323,1,4693.0,0.012230215827338126,3.242877906976745,4
1324,1,4695.0,0.01727379553466506,-0.8574883720930233,0
1325,1,4696.0,-0.2146433041301627,0.41065090622537426,3
1326,1,4699.0,-0.1715477680433876,0.3229787234042553,3
1327,1,4701.0,-0.24388025767336108,-0.057054741711642244,3
1328,1,4702.0,-0.08368869936034116,-0.8574883720930233,0
1329,2,4704.0,-0.09036838066001536,-0.8574883720930233,0
1330,3,4705.0,0.0075116934329897,1.1648309394734715,1
1331,7,4706.0,0.1159831066832568,-0.8574883720930233,0
1332,1,4707.0,-0.938530135301353,0.5545859305431879,3
1333,1,4719.0,-0.18421807747489238,0.654810495626822,3
1334,4,4726.0,-0.08247572219864743,-0.8574883720930233,0
1335,1,4730.0,-0.03080712391057212,-0.8574883720930233,0
1336,2,4731.0,-0.045774914740431966,-0.8574883720930233,0
1337,3,4742.0,-0.07822152114483559,1.1899059202400304,1
1338,1,4746.0,-0.09548672566371681,-0.03633125556544969,3
1339,3,4747.0,-0.035007921503425694,-0.017005813953488373,3
1340,1,4759.0,-0.1426446280991735,-0.8574883720930233,0
1341,1,4769.0,-0.14674615002483854,-0.8574883720930233,0
1342,1,4777.0,-0.938530135301353,0.4828488372093024,3
1343,3,4798.0,-0.04970342310222619,3.6568839457313502,4
1344,1,4802.0,-0.1159253945480631,-0.8574883720930233,0
1345,1,4803.0,-0.18947871831659494,0.7804178814382894,3
1346,1,4804.0,-0.1026781444285031,-0.8574883720930233,0
1347,1,4816.0,0.0020785219399537887,-0.05199049316696376,3
1348,1,4817.0,0.343849557522124,-0.8574883720930233,0
1349,1,4821.0,-0.22445141065830723,-0.022884386174016686,3
1350,2,4822.0,-0.1,0.4095476380447667,3
1351,1,4825.0,0.0,2.122844656336909,1
1352,2,4826.0,-0.11825676686345336,0.40770331990399167,3
1353,1,4830.0,-0.06194029850746268,-0.1985938345051379,3
1354,1,4945.0,-0.08368869936034114,-0.12504056246619794,3
1355,1,4956.0,-0.938530135301353,-0.05700378583017847,3
1356,2,4991.0,-0.07381294964028776,1.1946732699317213,1
1357,2,4992.0,-0.027812887172172524,-0.8574883720930233,0
1358,1,4993.0,-0.176917510853835,-0.8574883720930233,0
1359,1,5774.0,0.046831955922865015,1.6193512304250557,1
